id_segmento,id_circuito,nodo_inicio,nodo_fin,longitud_m,tipo_conductor,capacidad_amp
116400145,"79 507",66400525,97400525,1.2,"101",1
116400218,"79 507",66400758,97400758,1.2,"101",1
116400219,"79 507",66400759,97400759,1.2,"101",1
116400224,"79 507",66400776,97400776,1.2,"101",1
116400227,"79 507",66400788,97400788,1.2,"101",1
116401039,"79 507",68400810,97400810,1.2,"101",1
116400331,"79 507",66401163,97401163,1.2,"101",1
116725815,"79 507",67401201,97401201,1.2,"101",1
116400339,"79 507",68401225,97401225,1.2,"101",1
116723941,"79 507",68401228,98401228,1.2,"101",1
109796312,"79 507",65841107,651132291,59.027,"101",1
109796314,"79 507",651132292,651132293,72.917,"101",1
109796310,"79 507",651132293,661132293,1.2,"101",1
109796316,"79 507",661132294,651132295,48.54,"101",1
109796320,"79 507",651132297,651132298,31.688,"101",1
109796321,"79 507",651132298,661132298,1.2,"101",1
109797690,"79 507",651146636,651146635,65.292,"101",1
109797691,"79 507",651146635,661146635,1.2,"101",1
109797689,"79 507",661146637,651146636,50.826,"101",1
105741212,"79 507",651146637,661146637,1.2,"101",1
105742778,"79 507",651181018,661181018,1.2,"101",1
109401282,"79 507",66400752,651198892,21.217,"101",1
105745165,"79 507",651198892,671198892,1.2,"101",1
105706066,"79 507",651199916,661199916,1.2,"101",1
109820629,"79 507",651276164,651208271,205.464,"101",1
109804768,"79 507",661210330,651210331,47.871,"101",1
109804770,"79 507",651210332,651210333,30.772,"101",1
109804766,"79 507",651210336,661210336,1.2,"101",1
109823214,"79 507",661210336,671210336,1.2,"101",1
109804767,"79 507",651210337,661210337,1.2,"101",1
105400333,"79 507",651217883,661217883,1.2,"101",1
109805796,"79 507",651209589,651217894,82.584,"101",1
105745964,"79 507",651217894,661217894,1.2,"101",1
109812886,"79 507",651231338,651231340,92.004,"101",1
109812862,"79 507",681239747,661239747,1.2,"101",1
105751567,"79 507",691239747,681239747,1.2,"101",1
109817267,"79 507",651256202,661256202,1.2,"101",1
109817270,"79 507",651256267,651256268,75.112,"101",1
109400735,"79 507",67400136,681277943,31.935,"101",1
105761224,"79 507",651294579,661294579,1.2,"101",1
109823216,"79 507",651294581,661294581,1.2,"101",1
109823219,"79 507",651294582,651294583,56.362,"101",1
109823220,"79 507",651294583,651294585,82.466,"101",1
105744430,"79 507",651300819,671300819,1.2,"101",1
105764855,"79 507",651312958,661312958,1.2,"101",1
109725368,"79 507",661320494,671320494,1.2,"101",1
109818799,"79 507",65768384,70400130,7.732,"101",1
105717360,"79 507",65400130,70400130,1.2,"101",1
109400734,"79 507",67400134,67400136,57.689,"101",1
109746733,"79 507",65820576,68400156,63.557,"101",1
109400759,"79 507",65400510,65400511,74.632,"101",1
109400761,"79 507",65400512,65400513,99.457,"101",1
109400762,"79 507",651256292,65400513,212.479,"101",1
105732044,"79 507",65400514,66400514,1.2,"101",1
109817265,"79 507",65400514,68400514,1.2,"101",1
109400763,"79 507",65400514,65400515,408.264,"101",1
109745729,"79 507",65400519,67400519,1.2,"101",1
105400213,"79 507",65400522,67400522,1.2,"101",1
109400773,"79 507",65400524,65400525,97.899,"101",1
109401285,"79 507",66400755,65400756,216.363,"101",1
109401286,"79 507",66400756,65400757,3.162,"101",1
109401300,"79 507",66400810,65400771,568.901,"101",1
109406390,"79 507",65400773,66400773,1.2,"101",1
109401303,"79 507",67400773,65400774,89.05,"101",1
109401305,"79 507",66400775,65400776,57.481,"101",1
105712758,"79 507",65400780,67400780,1.2,"101",1
105712759,"79 507",67400780,68400780,1.2,"101",1
109727712,"79 507",65770606,68400780,13.067,"101",1
109812858,"79 507",66829961,65400783,193.002,"101",1
105751568,"79 507",65400785,66400785,1.2,"101",1
109812865,"79 507",66400786,65400787,231.702,"101",1
105400345,"79 507",65400788,66400788,1.2,"101",1
109812880,"79 507",66400790,65400791,98.813,"101",1
109407483,"79 507",65400795,66400795,1.2,"101",1
109407485,"79 507",66400795,67400795,1.2,"101",1
109401326,"79 507",65400796,65400797,93.536,"101",1
105400350,"79 507",66400798,67400798,1.2,"101",1
109405132,"79 507",66400803,65400803,1.2,"101",1
109401266,"79 507",65400802,65400803,69.656,"101",1
109757883,"79 507",66842719,65400807,80.455,"101",1
105400321,"79 507",65400808,66400808,1.2,"101",1
105400323,"79 507",67400810,65400810,1.2,"101",1
109401273,"79 507",65400809,65400810,365.82,"101",1
109401275,"79 507",66400811,65400812,394.707,"101",1
105400325,"79 507",66400813,67400813,1.2,"101",1
109771653,"79 507",65400815,66400815,1.2,"101",1
109401906,"79 507",66400798,65401117,350.714,"101",1
109812883,"79 507",651280466,65401161,236.271,"101",1
109407487,"79 507",65401161,66401161,1.2,"101",1
105712241,"79 507",65401163,67401163,1.2,"101",1
109402368,"79 507",67401171,65401171,1.2,"101",1
109401615,"79 507",66401170,65401171,241.747,"101",1
109401995,"79 507",67400798,65401189,144.462,"101",1
109792270,"79 507",651073297,65401199,20.686,"101",1
105743572,"79 507",66401199,67401199,1.2,"101",1
105743573,"79 507",68401199,67401199,1.2,"101",1
109401637,"79 507",66401199,65401201,80.555,"101",1
109406391,"79 507",65401201,66401201,1.2,"101",1
105400539,"79 507",66401201,67401201,1.2,"101",1
109406392,"79 507",65401202,66401202,1.2,"101",1
109825514,"79 507",65401204,66401204,1.2,"101",1
109401644,"79 507",65401206,65401207,232.974,"101",1
109401647,"79 507",65401209,65401210,39.159,"101",1
109406412,"79 507",66401210,65401210,1.2,"101",1
105400522,"79 507",66401210,67401210,1.2,"101",1
109401648,"79 507",66401210,65401212,234.959,"101",1
109401649,"79 507",65401212,65401213,122.8,"101",1
109401650,"79 507",65401213,65401214,101.548,"101",1
105400523,"79 507",65401215,66401215,1.2,"101",1
105400524,"79 507",65401219,66401219,1.2,"101",1
109711762,"79 507",66401220,68401220,1.2,"101",1
109401660,"79 507",65401223,65401224,142.239,"101",1
109401661,"79 507",65401224,65401225,119.309,"101",1
109401664,"79 507",66401225,65401228,638.286,"101",1
109736026,"79 507",69770202,65419221,29.024,"101",1
109710682,"79 507",66400514,65737486,49.045,"101",1
105732326,"79 507",65737486,66737486,1.2,"101",1
109711823,"79 507",65739389,65739388,113.135,"101",1
109721200,"79 507",65761478,67739391,399.167,"101",1
105740591,"79 507",65739394,66739394,1.2,"101",1
109806530,"79 507",651221209,66739394,56.884,"101",1
105762135,"79 507",65766274,66766274,1.2,"101",1
105711816,"79 507",66766274,67766274,1.2,"101",1
109725406,"79 507",66770175,66770176,51.84,"101",1
109725407,"79 507",66770176,67770176,1.2,"101",1
109725460,"79 507",66770179,67770180,66.989,"101",1
109725461,"79 507",67770180,68770180,1.2,"101",1
109725468,"79 507",68770180,66770181,62.187,"101",1
109725480,"79 507",67770183,66770184,38.63,"101",1
109725509,"79 507",67770186,67770185,59.823,"101",1
109725522,"79 507",67770188,68770188,1.2,"101",1
109725541,"79 507",66770195,67770196,59.195,"101",1
109725573,"79 507",66770199,66770200,29.382,"101",1
109725581,"79 507",66770200,66770201,47.389,"101",1
109725582,"79 507",66770201,69770201,1.2,"101",1
109706615,"79 507",70400005,68773081,36.143,"101",1
109805794,"79 507",65789358,68789358,1.2,"101",1
109738888,"79 507",69401225,65802844,207.917,"101",1
109747856,"79 507",65802844,67802844,1.2,"101",1
109747854,"79 507",65823820,65802845,186.795,"101",1
105718866,"79 507",65804811,66804811,1.2,"101",1
109745570,"79 507",66818242,65818242,1.2,"101",1
109400737,"79 507",68400139,66818242,55.444,"101",1
109745589,"79 507",65818261,66818266,60.042,"101",1
109745599,"79 507",651321293,66818269,49.373,"101",1
109745613,"79 507",66818282,65818282,1.2,"101",1
109745612,"79 507",65818271,66818282,42.777,"101",1
109749290,"79 507",66827189,65818530,55.472,"101",1
109745731,"79 507",65404939,65818545,40.257,"101",1
109745732,"79 507",65818545,66818545,1.2,"101",1
109400750,"79 507",66400153,65820574,67.938,"101",1
109746721,"79 507",66820574,65820575,42.701,"101",1
105721764,"79 507",65821005,69821005,1.2,"101",1
109747143,"79 507",661229622,65822275,640.786,"101",1
116733405,"79 507",66402875,97402875,1.2,"101",1
116400791,"79 507",66402876,97402876,1.2,"101",1
105721953,"79 507",65822275,66822275,1.2,"101",1
109749288,"79 507",65827189,65827190,105.326,"101",1
109812855,"79 507",66400778,65829958,72.994,"101",1
109752410,"79 507",65400815,65833679,43.347,"101",1
105724156,"79 507",65833679,66833679,1.2,"101",1
109796329,"79 507",651132304,67837024,70.08,"101",1
105746459,"79 507",66841107,65841107,1.2,"101",1
109796103,"79 507",66841109,65841107,53.272,"101",1
109757882,"79 507",65842719,66842719,1.2,"101",1
109791882,"79 507",651065035,65843720,43.527,"101",1
109771654,"79 507",66400815,65866385,85.331,"101",1
116400220,"79 507",661217883,971217883,1.2,"101",1
116400342,"79 507",66401244,98401244,1.2,"101",1
116724740,"79 507",661256290,981256290,1.2,"101",1
116735666,"79 507",661294585,971294585,1.2,"101",1
116401263,"79 507",661300819,971300819,1.2,"101",1
116732964,"79 507",66400516,97400516,1.2,"101",1
116400222,"79 507",66400767,97400767,1.2,"101",1
116400496,"79 507",66401172,97401172,1.2,"101",1
116725532,"79 507",67401210,97401210,1.2,"101",1
116400341,"79 507",67401222,97401222,1.2,"101",1
116713462,"79 507",66802844,97802844,1.2,"101",1
116718066,"79 507",66849842,97849842,1.2,"101",1
109402462,"79 507",66400774,651073297,188.765,"101",1
109796311,"79 507",651132291,661132291,1.2,"101",1
109796313,"79 507",661132291,651132292,84.981,"101",1
109796317,"79 507",651132295,651132296,38.164,"101",1
109796322,"79 507",661132298,651132299,35.973,"101",1
109796323,"79 507",651132299,651132301,54.569,"101",1
109796324,"79 507",651132301,661132301,1.2,"101",1
109806223,"79 507",661219693,651132304,63.055,"101",1
105741213,"79 507",651146631,661146631,1.2,"101",1
109797692,"79 507",661146635,651146632,91.977,"101",1
109797694,"79 507",661146632,651146634,79.176,"101",1
109797695,"79 507",651146634,661146634,1.2,"101",1
109400770,"79 507",66818548,651196164,174.581,"101",1
109748678,"79 507",65825761,651199916,299.048,"101",1
109804763,"79 507",651210330,661210330,1.2,"101",1
109804772,"79 507",661210335,651210336,182.435,"101",1
116715247,"79 507",68737486,101737486,1.2,"101",1
116716687,"79 507",661132297,971132297,1.2,"101",1
116723810,"79 507",661146631,971146631,1.2,"101",1
116725534,"79 507",661208271,971208271,1.2,"101",1
109804773,"79 507",661210336,651210337,96.756,"101",1
105746810,"79 507",721213508,671213508,1.2,"101",1
109806104,"79 507",661219334,721213508,4.823,"101",1
109805798,"79 507",651217884,651217883,105.309,"101",1
109817264,"79 507",68400514,651256202,47.381,"101",1
109817266,"79 507",661256202,651256205,104.727,"101",1
109817269,"79 507",651256205,661256205,1.2,"101",1
109817272,"79 507",651256268,661256268,1.2,"101",1
109817275,"79 507",671256268,651256269,63.036,"101",1
105754456,"79 507",651256290,661256290,1.2,"101",1
109401299,"79 507",65400769,651264311,156.237,"101",1
105755548,"79 507",651264311,661264311,1.2,"101",1
109400730,"79 507",68400132,661264540,75.584,"101",1
105755581,"79 507",661264540,701264540,1.2,"101",1
109820628,"79 507",66400816,651276164,86.598,"101",1
109401620,"79 507",65401177,651282857,162.274,"101",1
109823208,"79 507",671210336,651294579,96.853,"101",1
109823215,"79 507",651294580,661294580,1.2,"101",1
109823210,"79 507",661294580,651294581,104.982,"101",1
105761230,"79 507",651294585,661294585,1.2,"101",1
109823838,"79 507",67400756,651297874,335.222,"101",1
109823836,"79 507",651297874,661297874,1.2,"101",1
109823837,"79 507",651297888,661297888,1.2,"101",1
109400775,"79 507",66400526,651300819,161.799,"101",1
109706611,"79 507",67400003,69400005,38.053,"101",1
109406271,"79 507",65400515,66400515,1.2,"101",1
105712294,"79 507",65400515,67400515,1.2,"101",1
109400764,"79 507",67400515,65400516,231.354,"101",1
109802585,"79 507",651196164,65400522,200.302,"101",1
109400771,"79 507",67400522,65400523,145.339,"101",1
109400778,"79 507",66400528,65400529,72.716,"101",1
109400781,"79 507",65400531,65400532,96.22,"101",1
109400782,"79 507",65400532,65400533,266.494,"101",1
109400783,"79 507",65400533,65400534,164.023,"101",1
109401281,"79 507",66400751,65400752,395.077,"101",1
109405484,"79 507",65400755,66400755,1.2,"101",1
109405486,"79 507",65400756,66400756,1.2,"101",1
109746725,"79 507",65820575,66400154,63.009,"101",1
109400755,"79 507",66766274,65400507,252.744,"101",1
109405128,"79 507",65400507,69400507,1.2,"101",1
109400758,"79 507",65400509,65400510,202.178,"101",1
109400760,"79 507",66400511,65400512,135.665,"101",1
109400766,"79 507",66400515,65400517,218.443,"101",1
109400772,"79 507",65400523,65400524,105.298,"101",1
109406274,"79 507",65400526,66400526,1.2,"101",1
109400777,"79 507",66400522,65400528,593.104,"101",1
105738429,"79 507",65400528,66400528,1.2,"101",1
109400779,"79 507",65400529,65400530,105.872,"101",1
109400780,"79 507",65400528,65400531,205.681,"101",1
109401284,"79 507",661297888,65400755,463.728,"101",1
109784476,"79 507",65962760,65400758,8.215,"101",1
105400332,"79 507",65400759,66400759,1.2,"101",1
109401294,"79 507",67400810,65400765,264.78,"101",1
109401295,"79 507",65400765,65400766,43.278,"101",1
109405233,"79 507",65400768,66400768,1.2,"101",1
109401298,"79 507",66400768,65400769,550.371,"101",1
105400338,"79 507",65400776,66400776,1.2,"101",1
109401307,"79 507",651239738,65400778,176.233,"101",1
109812893,"79 507",67829958,65400780,39.876,"101",1
105751582,"79 507",65400780,66400780,1.2,"101",1
109401318,"79 507",65400785,65400789,348.772,"101",1
109812876,"79 507",65400789,66400789,1.2,"101",1
109785875,"79 507",65984461,65400790,61.955,"101",1
105726051,"79 507",65400791,67400791,1.2,"101",1
109802485,"79 507",65400794,66400794,1.2,"101",1
109401324,"79 507",66400794,65400795,271.154,"101",1
109401327,"79 507",66400791,65400798,891.473,"101",1
109401328,"79 507",66400507,65400799,1170.063,"101",1
109401263,"79 507",66400799,65400800,36.37,"101",1
109405134,"79 507",66400805,65400805,1.2,"101",1
109401268,"79 507",66400804,65400805,6.678,"101",1
105765171,"79 507",65400806,66400806,1.2,"101",1
109757884,"79 507",65400807,66400807,1.2,"101",1
116734104,"79 507",661276164,971276164,1.2,"101",1
116400147,"79 507",66400534,97400534,1.2,"101",1
116400225,"79 507",66400780,97400780,1.2,"101",1
116400228,"79 507",66400797,98400797,1.2,"101",1
116400229,"79 507",66400806,97400806,1.2,"101",1
109711832,"79 507",69400808,65400808,1.2,"101",1
109796902,"79 507",65913583,65400808,60.378,"101",1
105400322,"79 507",65400810,68400810,1.2,"101",1
109812884,"79 507",66401161,65401163,579.464,"101",1
105763766,"79 507",65401163,66401163,1.2,"101",1
109762497,"79 507",65401163,68401163,1.2,"101",1
105400506,"79 507",65401171,66401171,1.2,"101",1
109407480,"79 507",65401189,66401189,1.2,"101",1
109401621,"79 507",66401189,65401200,152.218,"101",1
105738704,"79 507",65401200,66401200,1.2,"101",1
109401638,"79 507",66401201,65401202,531.346,"101",1
105763656,"79 507",66401204,67401204,1.2,"101",1
105400521,"79 507",65401207,66401207,1.2,"101",1
109401651,"79 507",65401214,65401215,287.48,"101",1
109711825,"79 507",67401215,65401215,1.2,"101",1
109406393,"79 507",65401216,66401216,1.2,"101",1
109401653,"79 507",66401216,65401217,606.975,"101",1
109401655,"79 507",66401217,65401218,150.12,"101",1
109406413,"79 507",65401225,66401225,1.2,"101",1
105741220,"79 507",65401228,68401228,1.2,"101",1
109401654,"79 507",66401222,65401233,161.009,"101",1
105401198,"79 507",65402876,66402876,1.2,"101",1
109746705,"79 507",67727097,65727098,66.957,"101",1
109750202,"79 507",68400006,67727102,31.003,"101",1
109711822,"79 507",65739390,65739389,91.192,"101",1
109711821,"79 507",65739391,65739390,225.732,"101",1
109722567,"79 507",67739391,65739391,1.2,"101",1
109796456,"79 507",69400808,65739394,87.588,"101",1
109711829,"79 507",65739395,65739394,107.093,"101",1
109400751,"79 507",66400154,65741184,69.051,"101",1
109712983,"79 507",65820576,65741184,56.905,"101",1
109717131,"79 507",66786198,65750601,97.351,"101",1
109723572,"79 507",68400006,65766274,31.334,"101",1
105712240,"79 507",65766667,66766667,1.2,"101",1
109818797,"79 507",65768385,65768384,10.739,"101",1
109818795,"79 507",65768386,65768385,44.49,"101",1
109725364,"79 507",66770167,66770168,39.424,"101",1
109725388,"79 507",67770172,66770171,64.909,"101",1
109725380,"79 507",66770170,66770171,58.885,"101",1
109725394,"79 507",68770172,66770173,49.812,"101",1
109725424,"79 507",66770177,66770178,62.091,"101",1
109725453,"79 507",66770178,66770179,59.621,"101",1
109725512,"79 507",67770185,68770185,1.2,"101",1
109725526,"79 507",68770188,66770192,41.212,"101",1
109725542,"79 507",67770196,68770196,1.2,"101",1
109725567,"79 507",66770197,66770198,59.15,"101",1
109725583,"79 507",69770201,66770202,43.876,"101",1
109727713,"79 507",65775088,66775088,1.2,"101",1
109401663,"79 507",65401226,65786198,65.634,"101",1
109805793,"79 507",67400815,65789358,64.185,"101",1
105722296,"79 507",65802844,66802844,1.2,"101",1
109804774,"79 507",661210337,65809687,46.81,"101",1
109745586,"79 507",65818259,65818261,68.992,"101",1
109745603,"79 507",65818269,65818270,58.886,"101",1
109745608,"79 507",65818270,65818271,45.226,"101",1
109749282,"79 507",65818548,67818548,1.2,"101",1
109746839,"79 507",69821005,68821005,1.2,"101",1
109749278,"79 507",661181018,65827155,92.208,"101",1
109749289,"79 507",65827189,66827189,1.2,"101",1
105722927,"79 507",65827191,66827191,1.2,"101",1
109749284,"79 507",66827191,67827191,1.2,"101",1
109706608,"79 507",68400156,65828637,59.074,"101",1
109750646,"79 507",66829959,65829959,1.2,"101",1
109812856,"79 507",66829958,65829959,57.966,"101",1
109782575,"79 507",65828637,65835500,55.842,"101",1
109796106,"79 507",65841110,66841110,1.2,"101",1
105726346,"79 507",65843720,66843720,1.2,"101",1
105731091,"79 507",65866385,66866385,1.2,"101",1
109771656,"79 507",65866386,65866387,61.864,"101",1
109401287,"79 507",66400757,65962759,278.032,"101",1
116707189,"79 507",66750601,97750601,1.2,"101",1
116400230,"79 507",66400808,97400808,1.2,"101",1
116400333,"79 507",66401171,97401171,1.2,"101",1
116400335,"79 507",66401211,97401211,1.2,"101",1
116726093,"79 507",67401220,97401220,1.2,"101",1
116716686,"79 507",671132303,971132303,1.2,"101",1
116704895,"79 507",661199916,971199916,1.2,"101",1
116708543,"79 507",66761478,97761478,1.2,"101",1
116719064,"79 507",66775088,97775088,1.2,"101",1
116712193,"79 507",66789358,97789358,1.2,"101",1
116714148,"79 507",66809687,97809687,1.2,"101",1
116715107,"79 507",66818530,97818530,1.2,"101",1
116715430,"79 507",66822275,97822275,1.2,"101",1
116715898,"79 507",66827155,97827155,1.2,"101",1
116716445,"79 507",66833679,97833679,1.2,"101",1
116716684,"79 507",68837024,100837024,1.2,"101",1
116717314,"79 507",66843720,97843720,1.2,"101",1
116400223,"79 507",661264311,971264311,1.2,"101",1
116737472,"79 507",661282857,971282857,1.2,"101",1
116400142,"79 507",66400509,98400509,1.2,"101",1
116733585,"79 507",66400530,98400530,1.2,"101",1
116730363,"79 507",67400753,97400753,1.2,"101",1
116400217,"79 507",68400756,97400756,1.2,"101",1
116400231,"79 507",67400813,97400813,1.2,"101",1
109796315,"79 507",661132293,651132294,41.669,"101",1
109796318,"79 507",661132296,651132297,55.192,"101",1
105742379,"79 507",651132297,661132297,1.2,"101",1
109796326,"79 507",651132302,651132303,38.974,"101",1
109796327,"79 507",651132303,661132303,1.2,"101",1
105746225,"79 507",651132303,671132303,1.2,"101",1
109797688,"79 507",66962760,651146637,30.441,"101",1
105742779,"79 507",651181018,671181018,1.2,"101",1
105744151,"79 507",651198892,661198892,1.2,"101",1
109805795,"79 507",68789358,651209589,90.975,"101",1
109804764,"79 507",651210331,661210331,1.2,"101",1
1151211963,"79 507",11579507,661211963,2.828,"101",1
109401656,"79 507",65401218,651229622,255.42,"101",1
105747758,"79 507",651231338,661231338,1.2,"101",1
109812885,"79 507",68849842,661231338,9.781,"101",1
109808353,"79 507",651231340,661231340,1.2,"101",1
109812887,"79 507",661231340,651231341,434.355,"101",1
105751863,"79 507",651231341,681231341,1.2,"101",1
105751566,"79 507",671239747,691239747,1.2,"101",1
109401313,"79 507",65400783,651239754,114.704,"101",1
105723534,"79 507",651239754,661239754,1.2,"101",1
105754454,"79 507",651256268,671256268,1.2,"101",1
109817276,"79 507",651256269,651256290,79.931,"101",1
109817271,"79 507",661256268,651256291,31.275,"101",1
109817273,"79 507",661256291,651256292,197.099,"101",1
109726028,"79 507",671300819,651259828,269.089,"101",1
109726029,"79 507",651259828,661259828,1.2,"101",1
105757904,"79 507",651276164,661276164,1.2,"101",1
109820995,"79 507",651280470,661280470,1.2,"101",1
109823209,"79 507",661294579,651294580,44.681,"101",1
109405131,"79 507",661295850,651295850,1.2,"101",1
109401264,"79 507",66400800,651295850,40.218,"101",1
105762342,"79 507",651300819,661300819,1.2,"101",1
109828312,"79 507",68770168,661320494,49.674,"101",1
109783829,"79 507",65835500,67400003,88.18,"101",1
109736025,"79 507",65400036,65400130,30.405,"101",1
109400731,"79 507",67400132,66400133,25.554,"101",1
109400733,"79 507",66400133,67400134,51.039,"101",1
109820502,"79 507",681277943,67400137,57.944,"101",1
109746709,"79 507",65820573,66400153,98.642,"101",1
109405123,"79 507",65400507,66400507,1.2,"101",1
109400756,"79 507",69400507,65400508,61.811,"101",1
109405485,"79 507",65400756,67400756,1.2,"101",1
105400329,"79 507",65400756,68400756,1.2,"101",1
105400330,"79 507",65400757,66400757,1.2,"101",1
116736848,"79 507",67401204,98401204,1.2,"101",1
116400348,"79 507",66401207,97401207,1.2,"101",1
116400337,"79 507",66401215,97401215,1.2,"101",1
116704926,"79 507",66739391,97739391,1.2,"101",1
116709646,"79 507",66766667,97766667,1.2,"101",1
116710552,"79 507",66774661,97774661,1.2,"101",1
116715193,"79 507",66819248,97819248,1.2,"101",1
105400331,"79 507",65400758,66400758,1.2,"101",1
109401288,"79 507",661297874,65400759,339.407,"101",1
109401296,"79 507",65400766,65400767,193.868,"101",1
109401297,"79 507",65400767,65400768,24.352,"101",1
109401301,"79 507",65400771,65400772,159.364,"101",1
109401302,"79 507",65400772,65400773,55.902,"101",1
109406389,"79 507",65400773,67400773,1.2,"101",1
105400337,"79 507",65400774,66400774,1.2,"101",1
109401304,"79 507",66400773,65400775,112.92,"101",1
105723355,"79 507",65400775,66400775,1.2,"101",1
109812864,"79 507",66400785,65400786,26.151,"101",1
109814268,"79 507",65400791,66400791,1.2,"101",1
105724672,"79 507",66400791,68400791,1.2,"101",1
105400349,"79 507",65400797,66400797,1.2,"101",1
105763348,"79 507",65400798,66400798,1.2,"101",1
105723745,"79 507",65400800,66400800,1.2,"101",1
109401265,"79 507",671295850,65400802,29.732,"101",1
109401267,"79 507",66400803,65400804,283.435,"101",1
109405133,"79 507",66400804,65400804,1.2,"101",1
109401269,"79 507",66400805,65400806,98.005,"101",1
109401272,"79 507",65400800,65400809,86.085,"101",1
109405135,"79 507",65400810,66400810,1.2,"101",1
109401277,"79 507",66400813,65400814,93.834,"101",1
109401278,"79 507",65400814,65400815,205.905,"101",1
105731090,"79 507",65400815,67400815,1.2,"101",1
109401279,"79 507",65400815,65400816,172.811,"101",1
105400326,"79 507",65400816,66400816,1.2,"101",1
109402369,"79 507",65401177,67401171,266.956,"101",1
105716632,"79 507",65401199,66401199,1.2,"101",1
105400540,"79 507",65401203,66401203,1.2,"101",1
109401640,"79 507",66401203,65401204,431.418,"101",1
105763658,"79 507",65401205,67401205,1.2,"101",1
109401642,"79 507",66401205,65401206,88.323,"101",1
109401632,"79 507",66401200,65401211,81.045,"101",1
109747145,"79 507",651229622,65401219,155.52,"101",1
109401657,"79 507",66401219,65401220,59.356,"101",1
105400525,"79 507",65401220,67401220,1.2,"101",1
109401643,"79 507",65401200,65401222,267.917,"101",1
105400528,"79 507",65401222,67401222,1.2,"101",1
109401659,"79 507",66401221,65401223,413.227,"101",1
105722309,"79 507",67401225,68401225,1.2,"101",1
109401662,"79 507",67401225,65401226,157.912,"101",1
109401665,"79 507",65401233,65401244,195.923,"101",1
109405562,"79 507",65401203,65402875,202.474,"101",1
105401197,"79 507",65402875,66402875,1.2,"101",1
109405564,"79 507",66401220,65402876,470.145,"101",1
109711760,"79 507",68401220,65739342,71.802,"101",1
109711828,"79 507",65739396,66739395,343.772,"101",1
109711827,"79 507",66739396,65739396,1.2,"101",1
105708808,"79 507",65750601,66750601,1.2,"101",1
109818790,"79 507",701264540,65768386,2.158,"101",1
109805239,"79 507",671212015,67770165,54.065,"101",1
109725313,"79 507",67770165,68770165,1.2,"101",1
109725391,"79 507",67770172,68770172,1.2,"101",1
109725397,"79 507",66770173,66770174,56.434,"101",1
109725400,"79 507",66770174,66770175,52.012,"101",1
109725475,"79 507",66770182,66770183,48.838,"101",1
109725504,"79 507",66770191,67770186,40.946,"101",1
109725521,"79 507",68770185,67770188,37.878,"101",1
109725483,"79 507",66770184,66770191,66.9,"101",1
109725529,"79 507",66770192,66770193,57.457,"101",1
109725534,"79 507",66770194,66770195,39.444,"101",1
109739281,"79 507",66770202,69770202,1.2,"101",1
109727710,"79 507",65775088,65770606,7.049,"101",1
105713733,"79 507",65774661,66774661,1.2,"101",1
105715623,"79 507",65786198,66786198,1.2,"101",1
105718417,"79 507",65802845,66802845,1.2,"101",1
109739878,"79 507",65821004,65804811,2.005,"101",1
109745590,"79 507",66818266,65818266,1.2,"101",1
109788080,"79 507",65866387,65819248,83.25,"101",1
109746718,"79 507",65820574,66820574,1.2,"101",1
105751825,"79 507",65820574,69820574,1.2,"101",1
109752942,"79 507",671181018,65821005,48.404,"101",1
109791881,"79 507",67984458,651065035,35.507,"101",1
109796309,"79 507",651132294,661132294,1.2,"101",1
109796308,"79 507",651132296,661132296,1.2,"101",1
109796325,"79 507",661132301,651132302,46.909,"101",1
109797696,"79 507",661146634,651146631,145.894,"101",1
109797693,"79 507",651146632,661146632,1.2,"101",1
109732462,"79 507",65786198,651181018,192.795,"101",1
105400334,"79 507",651208271,661208271,1.2,"101",1
109741475,"79 507",661198892,651210330,56.896,"101",1
109804769,"79 507",661210331,651210332,41.444,"101",1
109804771,"79 507",651210333,651210335,60.73,"101",1
109804765,"79 507",651210335,661210335,1.2,"101",1
109805238,"79 507",671213508,671212015,41.934,"101",1
109805797,"79 507",651217894,651217884,84.005,"101",1
109807001,"79 507",661211963,661219334,13.99,"101",1
109806222,"79 507",661132303,651219693,23.143,"101",1
109806224,"79 507",651219693,661219693,1.2,"101",1
109806529,"79 507",66841110,651221209,55.94,"101",1
105721952,"79 507",651229622,661229622,1.2,"101",1
109401306,"79 507",65400775,651239738,109.366,"101",1
109747855,"79 507",67802844,65823820,184.634,"101",1
109711761,"79 507",65739342,65825761,84.141,"101",1
105722922,"79 507",65827155,66827155,1.2,"101",1
109749286,"79 507",65827190,66827190,1.2,"101",1
109749287,"79 507",67827190,66827190,1.2,"101",1
109749283,"79 507",67818548,65827191,123.408,"101",1
109812857,"79 507",66829959,65829961,48.216,"101",1
109750648,"79 507",66829961,65829961,1.2,"101",1
105744433,"79 507",65829961,67829961,1.2,"101",1
105724904,"79 507",67837024,68837024,1.2,"101",1
109796105,"79 507",66841110,65841109,27.185,"101",1
109796104,"79 507",65841109,66841109,1.2,"101",1
109757881,"79 507",65842720,65842719,124.302,"101",1
109808352,"79 507",65849842,68849842,1.2,"101",1
109797726,"79 507",65962760,66962760,1.2,"101",1
109812877,"79 507",66400789,65984458,261.885,"101",1
109785874,"79 507",65984458,66984458,1.2,"101",1
105738444,"79 507",66984458,67984458,1.2,"101",1
109785868,"79 507",66984458,65984459,78.304,"101",1
109785869,"79 507",65984459,65984460,47.002,"101",1
109785870,"79 507",66984460,65984461,69.115,"101",1
105400208,"79 507",65400508,66400508,1.2,"101",1
105400209,"79 507",66400509,65400509,1.2,"101",1
109400757,"79 507",66400508,65400509,312.316,"101",1
109406270,"79 507",65400511,66400511,1.2,"101",1
105400210,"79 507",65400516,66400516,1.2,"101",1
109400767,"79 507",65400517,65400518,119.958,"101",1
109400768,"79 507",65400518,65400519,62.574,"101",1
105400211,"79 507",65400519,66400519,1.2,"101",1
105400212,"79 507",65400522,66400522,1.2,"101",1
105400214,"79 507",65400525,66400525,1.2,"101",1
109406273,"79 507",65400525,68400525,1.2,"101",1
109400774,"79 507",68400525,65400526,670.297,"101",1
105400206,"79 507",65400530,66400530,1.2,"101",1
105400207,"79 507",65400534,66400534,1.2,"101",1
109401280,"79 507",65400816,65400751,216.377,"101",1
105400327,"79 507",65400751,66400751,1.2,"101",1
109405482,"79 507",65400752,66400752,1.2,"101",1
109803033,"79 507",651198892,65400753,319.466,"101",1
109405483,"79 507",65400753,66400753,1.2,"101",1
105400328,"79 507",65400753,67400753,1.2,"101",1
105400335,"79 507",65400767,66400767,1.2,"101",1
109407469,"79 507",65400778,66400778,1.2,"101",1
109401314,"79 507",661239754,65400785,223.216,"101",1
109407477,"79 507",65400786,66400786,1.2,"101",1
109812866,"79 507",65400787,65400788,202.961,"101",1
109785876,"79 507",65400790,66400790,1.2,"101",1
109401323,"79 507",68400791,65400794,35.922,"101",1
109407486,"79 507",65400795,68400795,1.2,"101",1
109401325,"79 507",67400795,65400796,157.012,"101",1
109405129,"79 507",65400799,66400799,1.2,"101",1
109401274,"79 507",66400810,65400811,2.236,"101",1
105400324,"79 507",65400811,66400811,1.2,"101",1
109405413,"79 507",65400812,66400812,1.2,"101",1
109401276,"79 507",66400812,65400813,168.838,"101",1
109405480,"79 507",65400813,66400813,1.2,"101",1
105760929,"79 507",65401117,67401117,1.2,"101",1
109402370,"79 507",66400795,65401170,544.779,"101",1
109407484,"79 507",65401170,66401170,1.2,"101",1
109402371,"79 507",68400795,65401172,362.988,"101",1
105400507,"79 507",65401172,66401172,1.2,"101",1
105743571,"79 507",65401199,68401199,1.2,"101",1
109401639,"79 507",66401202,65401203,269.208,"101",1
109401641,"79 507",65401204,65401205,32.016,"101",1
105763659,"79 507",65401205,66401205,1.2,"101",1
109401645,"79 507",67401205,65401208,383.187,"101",1
105400517,"79 507",65401211,66401211,1.2,"101",1
109711824,"79 507",65739388,67401215,77.654,"101",1
109401652,"79 507",66401204,65401216,83.24,"101",1
109406394,"79 507",65401217,66401217,1.2,"101",1
109405563,"79 507",65401220,66401220,1.2,"101",1
109401658,"79 507",65401219,65401221,65.192,"101",1
109406395,"79 507",66401221,65401221,1.2,"101",1
109407482,"79 507",65401222,66401222,1.2,"101",1
105722297,"79 507",66401225,67401225,1.2,"101",1
105722308,"79 507",67401225,69401225,1.2,"101",1
105400534,"79 507",65401244,66401244,1.2,"101",1
109812859,"79 507",67829961,651239744,81.295,"101",1
109812860,"79 507",651239744,661239744,1.2,"101",1
109812863,"79 507",661239744,651239747,44.206,"101",1
109812861,"79 507",651239747,671239747,1.2,"101",1
109817268,"79 507",661256205,651256267,34.56,"101",1
109817274,"79 507",651256291,661256291,1.2,"101",1
109812882,"79 507",661280470,651280466,118.776,"101",1
109812881,"79 507",67400791,651280470,27.606,"101",1
105759112,"79 507",651282857,661282857,1.2,"101",1
109823218,"79 507",661294581,651294582,74.057,"101",1
105400319,"79 507",651295850,671295850,1.2,"101",1
109401283,"79 507",66400753,651297888,187.256,"101",1
109745597,"79 507",65818267,651321293,73.106,"101",1
109706612,"79 507",69400005,70400005,1.2,"101",1
109736027,"79 507",65419221,65400036,19.857,"101",1
109818788,"79 507",67400132,68400132,1.2,"101",1
109745568,"79 507",68400139,67400139,1.2,"101",1
109400736,"79 507",67400137,67400139,16.581,"101",1
109745596,"79 507",65818267,67400144,28.444,"101",1
116725631,"79 507",671198892,971198892,1.2,"101",1
116724427,"79 507",661217894,971217894,1.2,"101",1
109745730,"79 507",67400519,65404939,54.616,"101",1
109745643,"79 507",65818282,67727097,34.885,"101",1
109750201,"79 507",68773081,66727102,22.809,"101",1
109750198,"79 507",67727102,66727102,1.2,"101",1
105721607,"79 507",65737486,68737486,1.2,"101",1
105706103,"79 507",65739391,66739391,1.2,"101",1
105706104,"79 507",66739395,65739395,1.2,"101",1
109711826,"79 507",65739397,66739396,304.778,"101",1
105706105,"79 507",65739397,66739397,1.2,"101",1
105710799,"79 507",65761478,66761478,1.2,"101",1
109724440,"79 507",67401163,65766667,505.742,"101",1
109726030,"79 507",661259828,65769769,185.778,"101",1
109726032,"79 507",651312958,66769769,180.368,"101",1
109726031,"79 507",65769769,66769769,1.2,"101",1
109725360,"79 507",68770165,66770167,32.727,"101",1
109828310,"79 507",66770168,68770168,1.2,"101",1
109725377,"79 507",671320494,66770170,75.153,"101",1
109725412,"79 507",67770176,66770177,68.44,"101",1
109725471,"79 507",66770181,66770182,60.907,"101",1
109725477,"79 507",66770183,67770183,1.2,"101",1
109725533,"79 507",66770193,66770194,36.02,"101",1
109725564,"79 507",68770196,66770197,31.433,"101",1
109725570,"79 507",66770198,66770199,36.322,"101",1
109727629,"79 507",65401209,65774661,133.685,"101",1
109727628,"79 507",65401208,65774661,155.344,"101",1
105716220,"79 507",65789358,66789358,1.2,"101",1
105719597,"79 507",65809687,66809687,1.2,"101",1
109745583,"79 507",66818242,65818259,71.534,"101",1
109745593,"79 507",65818266,65818267,65.736,"101",1
109745600,"79 507",66818269,65818269,1.2,"101",1
105721245,"79 507",65818530,66818530,1.2,"101",1
109745733,"79 507",66818545,65818546,73.704,"101",1
109745734,"79 507",65818546,65818548,81.825,"101",1
109745735,"79 507",65818548,66818548,1.2,"101",1
105721457,"79 507",65819248,66819248,1.2,"101",1
109400749,"79 507",65727098,65820573,58.409,"101",1
109746810,"79 507",68821005,65821004,4.02,"101",1
109749285,"79 507",67827191,67827190,33.403,"101",1
109750645,"79 507",65829958,66829958,1.2,"101",1
105751565,"79 507",65829958,67829958,1.2,"101",1
105746600,"79 507",66841107,67841107,1.2,"101",1
109401270,"79 507",661295850,65842720,237.434,"101",1
109762493,"79 507",68401163,65849841,195.386,"101",1
109762495,"79 507",65849841,65849842,45.415,"101",1
105727770,"79 507",65849842,66849842,1.2,"101",1
109771655,"79 507",66866385,65866386,59.338,"101",1
109401271,"79 507",66400807,65913583,61.175,"101",1
109784475,"79 507",65962759,65962760,23.012,"101",1
109785871,"79 507",65984460,66984460,1.2,"101",1
116704497,"79 507",66737486,97737486,1.2,"101",1
116704928,"79 507",66739397,97739397,1.2,"101",1
116730308,"79 507",681231341,991231341,1.2,"101",1
116717491,"79 507",661239747,971239747,1.2,"101",1
116708561,"79 507",661312958,971312958,1.2,"101",1
116400144,"79 507",66400519,97400519,1.2,"101",1
116713463,"79 507",66802845,97802845,1.2,"101",1
116713735,"79 507",66804811,97804811,1.2,"101",1
116723756,"79 507",67841107,99841107,1.2,"101",1
